rank,company,name_ja,theme,thesis,expected_value,relative_momentum,risks,current_position,confidence_pct,data_quality,as_of
1,nvidia,NVIDIA,ai_datacenter,テーマスコア85(confidence 60%)、テーマ内相対モメンタム+24.3%(直近65営業日)、テーマrisk_level=0/3,84.8,24.260093175670065,テーマrisk_level=0/3(risk_level_by_theme.csv参照),非保有,0.6,estimated,2026-10-07
2,furukawa_electric,古河電工,ai_datacenter,テーマスコア85(confidence 60%)、テーマ内相対モメンタム+6.7%(直近65営業日)、テーマrisk_level=0/3,84.8,6.65954755560621,テーマrisk_level=0/3(risk_level_by_theme.csv参照),非保有,0.6,estimated,2026-10-07
3,sumitomo_electric,住友電工,ai_datacenter,テーマスコア85(confidence 60%)、テーマ内相対モメンタム-8.3%(直近65営業日)、テーマrisk_level=0/3,84.8,-8.292670892035286,テーマrisk_level=0/3(risk_level_by_theme.csv参照),非保有,0.6,estimated,2026-10-07
4,advantest,アドバンテスト,semicap,テーマスコア79(confidence 55%)、テーマ内相対モメンタム+43.7%(直近65営業日)、テーマrisk_level=0/3,79.3,43.739718438957055,テーマrisk_level=0/3(risk_level_by_theme.csv参照),非保有,0.55,estimated,2026-10-07
5,kokusai_electric,KOKUSAI ELECTRIC,semicap,テーマスコア79(confidence 55%)、テーマ内相対モメンタム+1.0%(直近65営業日)、テーマrisk_level=0/3,79.3,0.9598965202410401,テーマrisk_level=0/3(risk_level_by_theme.csv参照),非保有,0.55,estimated,2026-10-07
6,shibaura,芝浦メカトロニクス,semicap,テーマスコア79(confidence 55%)、テーマ内相対モメンタム-7.1%(直近65営業日)、テーマrisk_level=0/3,79.3,-7.062678177584301,テーマrisk_level=0/3(risk_level_by_theme.csv参照),非保有,0.55,estimated,2026-10-07
7,towa,TOWA,semicap,テーマスコア79(confidence 55%)、テーマ内相対モメンタム-14.3%(直近65営業日)、テーマrisk_level=0/3,79.3,-14.296121956523171,テーマrisk_level=0/3(risk_level_by_theme.csv参照),非保有,0.55,estimated,2026-10-07
8,nabtesco,ナブテスコ,robotics_fa,テーマスコア70(confidence 35%)、テーマ内相対モメンタム+11.1%(直近65営業日)、テーマrisk_level=0/3,69.9,11.086950269957743,テーマrisk_level=0/3(risk_level_by_theme.csv参照),非保有,0.35,estimated,2026-10-07
9,honeywell,Honeywell (Quantinuum 代理),quantum,テーマスコア65(confidence 25%)、テーマ内相対モメンタム+8.9%(直近65営業日)、テーマrisk_level=0/3,65.3,8.94438837177224,テーマrisk_level=0/3(risk_level_by_theme.csv参照),非保有,0.25,estimated,2026-10-07
10,ionq,IonQ,quantum,テーマスコア65(confidence 25%)、テーマ内相対モメンタム+4.1%(直近65営業日)、テーマrisk_level=0/3,65.3,4.0679800699001785,テーマrisk_level=0/3(risk_level_by_theme.csv参照),非保有,0.25,estimated,2026-10-07
11,rigetti,Rigetti,quantum,テーマスコア65(confidence 25%)、テーマ内相対モメンタム+1.0%(直近65営業日)、テーマrisk_level=0/3,65.3,1.0364898835054088,テーマrisk_level=0/3(risk_level_by_theme.csv参照),非保有,0.25,estimated,2026-10-07
12,ibm,IBM,quantum,テーマスコア65(confidence 25%)、テーマ内相対モメンタム-9.0%(直近65営業日)、テーマrisk_level=0/3,65.3,-9.00013313422047,テーマrisk_level=0/3(risk_level_by_theme.csv参照),非保有,0.25,estimated,2026-10-07
13,dwave,D-Wave,quantum,テーマスコア65(confidence 25%)、テーマ内相対モメンタム-14.0%(直近65営業日)、テーマrisk_level=0/3,65.3,-13.993113562729594,テーマrisk_level=0/3(risk_level_by_theme.csv参照),非保有,0.25,estimated,2026-10-07
