indicator,target,data_quality,confidence_weight,best_lag_days,best_horizon_days,spearman_r_stationary,spearman_r_level,trend_confound,q_spearman,spearman_p_raw,freq,hit_rate,max_dd,sharpe,bs_significant,n_obs,effective_n,insufficient_history,low_n_flag,n_consistent_periods,rank,adopted,confidence_note,q_spearman_global
xrp_price,xrp,verified,1.0,180,120,-0.4981,-0.3617,False,0.0,0.0,daily,0.571,-0.5546,0.374,False,1273,4.2,True,True,1,C,False,履歴不足: 実効独立サンプル≈4(<10)→信頼不可; 非重複イベント数 < 10 → 統計的信頼度低,0.0
amm_tvl,xrp,verified,1.0,60,120,0.5355,0.4823,False,0.0,0.0,daily,0.167,-0.25,-0.17,False,721,4.0,True,True,0,D,False,履歴不足: 実効独立サンプル≈4(<10)→信頼不可; 非重複イベント数 < 10 → 統計的信頼度低,0.0
stablecoin_tvl,xrp,verified,1.0,30,60,0.7726,0.7717,False,0.0,0.0,daily,0.375,-0.3052,-1.743,False,205,2.3,True,True,2,D,False,履歴不足: 実効独立サンプル≈2(<10)→信頼不可; 非重複イベント数 < 10 → 統計的信頼度低,0.0
optical_module_demand,fujikura,proxy,0.5,180,90,-0.2217,0.331,False,0.0,0.0,daily,0.727,-0.3801,1.343,True,868,3.2,True,False,0,C,False,履歴不足: 実効独立サンプル≈3(<10)→信頼不可; proxyデータ → 直接の因果性未確認,0.0
optical_module_demand,murata,proxy,0.5,180,120,0.5984,0.207,False,0.0,0.0,daily,0.571,-0.2784,0.724,False,669,2.2,True,True,0,C,False,履歴不足: 実効独立サンプル≈2(<10)→信頼不可; 非重複イベント数 < 10 → 統計的信頼度低; proxyデータ → 直接の因果性未確認,0.0
sox_index,lasertec_rorze,proxy,0.5,180,90,-0.6088,-0.3728,False,0.0,0.0,daily,0.778,-0.4381,1.131,True,684,2.5,True,True,0,C,False,履歴不足: 実効独立サンプル≈3(<10)→信頼不可; 非重複イベント数 < 10 → 統計的信頼度低; proxyデータ → 直接の因果性未確認,0.0
sox_index,kioxia,proxy,0.5,90,120,-0.7825,-0.7141,False,0.0,0.0,daily,0.8,-0.0909,2.627,True,299,1.4,True,True,0,C,False,履歴不足: 実効独立サンプル≈1(<10)→信頼不可; 非重複イベント数 < 10 → 統計的信頼度低; proxyデータ → 直接の因果性未確認,0.0
robotics_peer_basket,harmonic,proxy,0.5,180,120,-0.4839,-0.3297,False,0.0,0.0,daily,0.444,-0.6876,-0.116,False,669,2.2,True,True,1,D,False,履歴不足: 実効独立サンプル≈2(<10)→信頼不可; 非重複イベント数 < 10 → 統計的信頼度低; proxyデータ → 直接の因果性未確認,0.0
usdjpy_level,harmonic,proxy,0.5,60,120,-0.5574,-0.5598,False,0.0,0.0,daily,0.6,-0.1301,1.008,False,805,4.5,True,True,1,C,False,履歴不足: 実効独立サンプル≈4(<10)→信頼不可; 非重複イベント数 < 10 → 統計的信頼度低; proxyデータ → 直接の因果性未確認,0.0
ism_mfg_pmi,harmonic,verified,1.0,60,120,-0.2102,-0.3245,False,0.0,0.0,monthly,0.5,-0.5401,-0.026,False,939,0.2,True,True,1,C,False,履歴不足: 実効独立サンプル≈0(<10)→信頼不可; 非重複イベント数 < 10 → 統計的信頼度低,0.0
us_mfg_confidence_oecd,harmonic,verified,1.0,180,120,0.2608,-0.2869,False,0.0,0.0,monthly,0.5,0.0,,False,552,0.1,True,True,1,C,False,履歴不足: 実効独立サンプル≈0(<10)→信頼不可; 非重複イベント数 < 10 → 統計的信頼度低,0.0
robotics_peer_basket,fanuc,proxy,0.5,30,120,-0.41,-0.4012,False,0.0,0.0,daily,0.444,-0.4119,0.304,False,819,5.5,True,True,1,D,False,履歴不足: 実効独立サンプル≈5(<10)→信頼不可; 非重複イベント数 < 10 → 統計的信頼度低; proxyデータ → 直接の因果性未確認,0.0
usdjpy_level,fanuc,proxy,0.5,90,120,-0.5686,-0.4843,False,0.0,0.0,daily,0.6,-0.1659,0.719,False,778,3.7,True,True,2,C,False,履歴不足: 実効独立サンプル≈4(<10)→信頼不可; 非重複イベント数 < 10 → 統計的信頼度低; proxyデータ → 直接の因果性未確認,0.0
ism_mfg_pmi,fanuc,verified,1.0,60,60,-0.2645,0.1801,False,0.0,0.0,monthly,0.5,-0.3968,-0.96,False,939,0.4,True,True,1,C,False,履歴不足: 実効独立サンプル≈0(<10)→信頼不可; 非重複イベント数 < 10 → 統計的信頼度低,0.0
us_mfg_confidence_oecd,fanuc,verified,1.0,7,30,-0.2351,-0.192,False,0.0,0.0,monthly,0.5,0.0,,False,552,0.7,True,True,1,C,False,履歴不足: 実効独立サンプル≈1(<10)→信頼不可; 非重複イベント数 < 10 → 統計的信頼度低,0.0
durable_goods_orders,fanuc,verified,1.0,60,120,0.2558,-0.2155,False,0.0,0.0,monthly,0.571,-0.2505,0.618,False,1101,0.3,True,True,1,C,False,履歴不足: 実効独立サンプル≈0(<10)→信頼不可; 非重複イベント数 < 10 → 統計的信頼度低,0.0
robotics_peer_basket,yaskawa,proxy,0.5,90,30,-0.2287,-0.249,False,0.0,0.0,daily,0.4,-0.4328,0.051,False,849,7.1,True,False,0,D,False,履歴不足: 実効独立サンプル≈7(<10)→信頼不可; proxyデータ → 直接の因果性未確認,0.0
usdjpy_level,yaskawa,proxy,0.5,120,120,-0.3714,-0.375,False,0.0,0.0,daily,0.6,-0.3553,0.472,False,749,3.1,True,True,0,C,False,履歴不足: 実効独立サンプル≈3(<10)→信頼不可; 非重複イベント数 < 10 → 統計的信頼度低; proxyデータ → 直接の因果性未確認,0.0
ism_mfg_pmi,yaskawa,verified,1.0,180,120,-0.4351,-0.4034,False,0.0,0.0,monthly,0.167,-0.5049,-1.194,False,939,0.1,True,True,0,D,False,履歴不足: 実効独立サンプル≈0(<10)→信頼不可; 非重複イベント数 < 10 → 統計的信頼度低,0.0
us_mfg_confidence_oecd,yaskawa,verified,1.0,60,120,-0.4811,-0.5399,False,0.0,0.0,monthly,0.5,0.0,,False,552,0.1,True,True,0,C,False,履歴不足: 実効独立サンプル≈0(<10)→信頼不可; 非重複イベント数 < 10 → 統計的信頼度低,0.0
durable_goods_orders,yaskawa,verified,1.0,60,120,0.4171,-0.1843,False,0.0,0.0,monthly,0.571,-0.4302,0.524,False,1101,0.3,True,True,2,C,False,履歴不足: 実効独立サンプル≈0(<10)→信頼不可; 非重複イベント数 < 10 → 統計的信頼度低,0.0
us10y_yield,tesla,proxy,0.5,180,120,-0.3515,-0.4112,False,0.0,0.0,daily,0.2,-0.6049,-1.102,False,700,2.3,True,True,0,D,False,履歴不足: 実効独立サンプル≈2(<10)→信頼不可; 非重複イベント数 < 10 → 統計的信頼度低; proxyデータ → 直接の因果性未確認,0.0
quantum_peer_basket,quantinuum,proxy,0.5,30,120,0.4475,0.2556,False,0.0,0.0,daily,0.4,-0.0859,0.329,False,850,5.7,True,True,1,D,False,履歴不足: 実効独立サンプル≈6(<10)→信頼不可; 非重複イベント数 < 10 → 統計的信頼度低; proxyデータ → 直接の因果性未確認,0.0
