indicator_key,base_weight,rank_weight,learned_multiplier,effective_weight,n_evaluations,hit_rate,avg_excess_when_cited,updated_at
xrp_price,1.0,0.3,1.0,0.3,0,,,2026-10-05T00:27:24.132674
rlusd_supply,1.0,1.0,1.0,1.0,0,,,2026-10-05T00:27:24.132674
xrpl_tx_count,1.0,1.0,1.0,1.0,0,,,2026-10-05T00:27:24.132674
xrpl_success_payments,1.0,1.0,1.0,1.0,0,,,2026-10-05T00:27:24.132674
amm_tvl,1.0,0.0,1.0,0.0,0,,,2026-10-05T00:27:24.132674
amm_xrp_balance,1.0,1.0,1.0,1.0,0,,,2026-10-05T00:27:24.132674
xrpl_dex_volume,1.0,1.0,1.0,1.0,0,,,2026-10-05T00:27:24.132674
xrp_pair_volume,1.0,1.0,1.0,1.0,0,,,2026-10-05T00:27:24.132674
stablecoin_tvl,1.0,0.0,1.0,0.0,0,,,2026-10-05T00:27:24.132674
etf_flows,0.0,1.0,1.0,0.0,0,,,2026-10-05T00:27:24.132674
exchange_xrp_balance,0.0,1.0,1.0,0.0,0,,,2026-10-05T00:27:24.132674
whale_wallets,0.0,1.0,1.0,0.0,0,,,2026-10-05T00:27:24.132674
lending_collateral,0.0,1.0,1.0,0.0,0,,,2026-10-05T00:27:24.132674
institutional_defi,0.0,1.0,1.0,0.0,0,,,2026-10-05T00:27:24.132674
permissioned_dex,0.0,1.0,1.0,0.0,0,,,2026-10-05T00:27:24.132674
rwa_collateral,0.0,1.0,1.0,0.0,0,,,2026-10-05T00:27:24.132674
mmf_tokenization,0.0,1.0,1.0,0.0,0,,,2026-10-05T00:27:24.132674
nvidia_revenue,1.0,1.0,1.0,1.0,0,,,2026-10-05T00:27:24.132674
hyperscaler_capex,1.0,1.0,1.0,1.0,0,,,2026-10-05T00:27:24.132674
optical_module_demand,0.5,0.3,1.0,0.15,0,,,2026-10-05T00:27:24.132674
optical_price_leadtime,0.0,1.0,1.0,0.0,0,,,2026-10-05T00:27:24.132674
sox_index,0.5,0.3,1.0,0.15,0,,,2026-10-05T00:27:24.132674
tsmc_capex,1.0,1.0,1.0,1.0,0,,,2026-10-05T00:27:24.132674
hbm_price,0.0,1.0,1.0,0.0,0,,,2026-10-05T00:27:24.132674
cowos_utilization,0.0,1.0,1.0,0.0,0,,,2026-10-05T00:27:24.132674
bb_ratio,0.0,1.0,1.0,0.0,0,,,2026-10-05T00:27:24.132674
robotics_peer_basket,0.5,0.0,1.0,0.0,0,,,2026-10-05T00:27:24.132674
usdjpy_level,0.5,0.3,1.0,0.15,0,,,2026-10-05T00:27:24.132674
ism_mfg_pmi,1.0,0.0,1.0,0.0,0,,,2026-10-05T00:27:24.132674
us_mfg_confidence_oecd,1.0,0.3,1.0,0.3,0,,,2026-10-05T00:27:24.132674
durable_goods_orders,1.0,0.3,1.0,0.3,0,,,2026-10-05T00:27:24.132674
china_mfg_pmi,0.0,1.0,1.0,0.0,0,,,2026-10-05T00:27:24.132674
us10y_yield,0.5,0.0,1.0,0.0,0,,,2026-10-05T00:27:24.132674
quantum_peer_basket,0.5,0.0,1.0,0.0,0,,,2026-10-05T00:27:24.132674
